ym,avg_rating_per_month
2016-01,2.9756106809856804
2016-02,2.9929343103585526
2016-03,2.93984102009102
2016-04,2.9724067876567877
2016-05,2.9523013098013093
2016-06,3.051350704850705
2016-07,3.0887001887001877
2016-08,3.0785152910814664
2016-09,2.9021228297845947
2016-10,2.9261903374403375
2016-11,3.0203671328671327
2016-12,2.9100161753451226
